tic,gvkey,datadate,cnms,salecs
ADI,001632,2019-10-31,Distributors,3409.161
ADI,001632,2019-10-31,International,3954.103
ADI,001632,2019-10-31,"Macnica, Inc.",599.107
ADI,001632,2019-10-31,Arrow Electronics Inc,1797.32
ADI,001632,2019-10-31,Other Markets,75.839
ADI,001632,2019-10-31,Direct customers,2506.065
ADI,001632,2019-10-31,Automotive,933.143
ADI,001632,2019-10-31,Communications,1284.087
ADI,001632,2019-10-31,Industrial,3003.927
ADI,001632,2019-10-31,Consumer,769.908
ADI,001632,2020-10-31,Arrow Electronics Inc,1624.886
ADI,001632,2020-10-31,Other Markets,86.261
ADI,001632,2020-10-31,Direct customers,2300.493
ADI,001632,2020-10-31,Automotive,779.276
ADI,001632,2020-10-31,Distributors,3216.302
ADI,001632,2020-10-31,Consumer,640.292
ADI,001632,2020-10-31,Industrial,2987.542
ADI,001632,2020-10-31,Communications,1195.946
ADI,001632,2021-10-31,Not Reported,805.011
ADI,001632,2021-10-31,Arrow Electronics Inc,1902.754
ADI,001632,2021-10-31,Other Markets,127.989
ADI,001632,2021-10-31,Direct customers,2600.353
ADI,001632,2021-10-31,Automotive,1248.635
ADI,001632,2021-10-31,Distributors,4589.944
ADI,001632,2021-10-31,Consumer,859.705
ADI,001632,2021-10-31,Industrial,4011.485
ADI,001632,2021-10-31,Communications,1198.461
ADI,001632,2022-10-31,Automotive,2515.513
ADI,001632,2022-10-31,Communications,1880.697
ADI,001632,2022-10-31,Industrial,6069.332
ADI,001632,2022-10-31,Consumer,1548.411
ADI,001632,2022-10-31,Distributors,7458.478
ADI,001632,2022-10-31,Direct customers,4423.883
ADI,001632,2022-10-31,Other Markets,131.592
ADI,001632,2022-10-31,Arrow Electronics Inc,2643.07
ADI,001632,2022-10-31,Not Reported,1201.395
ADI,001632,2023-10-31,Not Reported,1230.554
ADI,001632,2023-10-31,Automotive,2915.199
ADI,001632,2023-10-31,Distributors,7534.894
ADI,001632,2023-10-31,Consumer,1215.601
ADI,001632,2023-10-31,Industrial,6555.222
ADI,001632,2023-10-31,Communications,1619.517
ADI,001632,2023-10-31,Direct customers,4603.166
ADI,001632,2023-10-31,Other Markets,167.479
ADI,001632,2023-10-31,Arrow Electronics Inc,3076.385
ADI,001632,2024-10-31,Not Reported,1131.259
ADI,001632,2024-10-31,Communications,1080.496
ADI,001632,2024-10-31,Industrial,4314.28
ADI,001632,2024-10-31,Consumer,1204.942
ADI,001632,2024-10-31,Distributors,5505.779
ADI,001632,2024-10-31,Automotive,2827.439
ADI,001632,2024-10-31,Direct customers,3772.945
ADI,001632,2024-10-31,Other Markets,148.433
ADI,001632,2024-10-31,Arrow Electronics Inc,2262.518
ADI,001632,2024-10-31,Not Reported,1131.259
ADI,001632,2025-10-31,Communications,1377.865
ADI,001632,2025-10-31,Not Reported,1432.562
ADI,001632,2025-10-31,Arrow Electronics Inc,2644.73
ADI,001632,2025-10-31,Other Markets,155.895
ADI,001632,2025-10-31,Direct customers,4718.993
ADI,001632,2025-10-31,Automotive,3277.865
ADI,001632,2025-10-31,Distributors,6144.819
ADI,001632,2025-10-31,Consumer,1434.568
ADI,001632,2025-10-31,Industrial,4929.409
APH,014282,2019-12-31,China,5.8
APH,014282,2019-12-31,United States,201.2
APH,014282,2019-12-31,Other foreign locations,3216.2
APH,014282,2019-12-31,China,2300.6
APH,014282,2019-12-31,United States,2323.5
APH,014282,2019-12-31,Distributors and resellers,83.7
APH,014282,2019-12-31,End customers and contract manufacturers,301.4
APH,014282,2019-12-31,Distributors and resellers,1156.3
APH,014282,2019-12-31,End customers and contract manufacturers,6684.0
APH,014282,2019-12-31,Commercial Aerospace,411.27
APH,014282,2019-12-31,Industrial,1645.08
APH,014282,2019-12-31,Mobile Networks,658.032
APH,014282,2019-12-31,Mobile Devices,1069.302
APH,014282,2019-12-31,Military,987.048
APH,014282,2019-12-31,Broadband Communications,329.016
APH,014282,2019-12-31,Distributors,1233.81
APH,014282,2019-12-31,Automotive,1562.826
APH,014282,2019-12-31,Information Technology & Data Communications,1562.826
APH,014282,2019-12-31,Other foreign locations,178.1
APH,014282,2020-12-31,Mobile Devices,1289.835
APH,014282,2020-12-31,Military,1031.868
APH,014282,2020-12-31,Broadband Communications,343.956
APH,014282,2020-12-31,Distributors,1375.824
APH,014282,2020-12-31,Automotive,1461.813
APH,014282,2020-12-31,Information Technology & Data Communications,1805.769
APH,014282,2020-12-31,Other foreign locations,150.4
APH,014282,2020-12-31,China,7.2
APH,014282,2020-12-31,United States,211.4
APH,014282,2020-12-31,Other foreign locations,3357.0
APH,014282,2020-12-31,China,2590.3
APH,014282,2020-12-31,United States,2282.6
APH,014282,2020-12-31,Distributors and resellers,58.4
APH,014282,2020-12-31,End customers and contract manufacturers,310.6
APH,014282,2020-12-31,Distributors and resellers,1295.8
APH,014282,2020-12-31,End customers and contract manufacturers,6934.1
APH,014282,2020-12-31,Apple Inc,945.879
APH,014282,2020-12-31,Commercial Aerospace,257.967
APH,014282,2020-12-31,Industrial,1891.758
APH,014282,2020-12-31,Mobile Networks,515.934
APH,014282,2021-12-31,United States,2909.1
APH,014282,2021-12-31,Other foreign locations,4489.2
APH,014282,2021-12-31,United States,246.8
APH,014282,2021-12-31,China,11.8
APH,014282,2021-12-31,Other foreign locations,186.8
APH,014282,2021-12-31,Information Technology & Data Communications,2284.023
APH,014282,2021-12-31,Automotive,2175.26
APH,014282,2021-12-31,Distributors,1848.971
APH,014282,2021-12-31,Broadband Communications,435.052
APH,014282,2021-12-31,Military,1196.393
APH,014282,2021-12-31,Mobile Devices,1305.156
APH,014282,2021-12-31,Mobile Networks,543.815
APH,014282,2021-12-31,Industrial,2719.075
APH,014282,2021-12-31,Commercial Aerospace,217.526
APH,014282,2021-12-31,End customers and contract manufacturers,8666.2
APH,014282,2021-12-31,Distributors and resellers,1764.7
APH,014282,2021-12-31,End customers and contract manufacturers,372.0
APH,014282,2021-12-31,Distributors and resellers,73.4
APH,014282,2021-12-31,China,3032.6
APH,014282,2022-12-31,End customers and contract manufacturers,2176.4
APH,014282,2022-12-31,End customers and contract manufacturers,4469.0
APH,014282,2022-12-31,Distributors and resellers,1183.4
APH,014282,2022-12-31,United States,1558.2
APH,014282,2022-12-31,China,437.5
APH,014282,2022-12-31,Other foreign locations,1111.5
APH,014282,2022-12-31,Other foreign locations,2217.5
APH,014282,2022-12-31,China,1939.6
APH,014282,2022-12-31,United States,1495.3
APH,014282,2022-12-31,Information Technology & Data Communications,2650.83
APH,014282,2022-12-31,Automotive,2650.83
APH,014282,2022-12-31,Distributors,2272.14
APH,014282,2022-12-31,Broadband Communications,631.15
APH,014282,2022-12-31,Military,1136.07
APH,014282,2022-12-31,Mobile Devices,1388.53
APH,014282,2022-12-31,Mobile Networks,631.15
APH,014282,2022-12-31,Industrial,3155.75
APH,014282,2022-12-31,Commercial Aerospace,378.69
APH,014282,2022-12-31,United States,1101.7
APH,014282,2022-12-31,China,887.9
APH,014282,2022-12-31,Other foreign locations,1873.8
APH,014282,2022-12-31,End customers and contract manufacturers,3724.6
APH,014282,2022-12-31,Distributors and resellers,138.8
APH,014282,2022-12-31,Distributors and resellers,930.8
APH,014282,2023-12-31,United States,1395.8
APH,014282,2023-12-31,Other foreign locations,1389.1
APH,014282,2023-12-31,China,351.2
APH,014282,2023-12-31,United States,1790.5
APH,014282,2023-12-31,Mobile Networks,502.188
APH,014282,2023-12-31,Information Technology & Data Communications,2385.393
APH,014282,2023-12-31,Automotive,2887.581
APH,014282,2023-12-31,Distributors,2134.299
APH,014282,2023-12-31,Industrial,3138.675
APH,014282,2023-12-31,Broadband Communications,502.188
APH,014282,2023-12-31,Defense,1381.017
APH,014282,2023-12-31,Mobile Devices,1255.47
APH,014282,2023-12-31,Commercial Aerospace,502.188
APH,014282,2023-12-31,United States,1219.1
APH,014282,2023-12-31,China,863.4
APH,014282,2023-12-31,Other foreign locations,2028.6
APH,014282,2023-12-31,End customers and contract manufacturers,3947.4
APH,014282,2023-12-31,Distributors and resellers,163.7
APH,014282,2023-12-31,End customers and contract manufacturers,2581.6
APH,014282,2023-12-31,Distributors and resellers,949.2
APH,014282,2023-12-31,Other foreign locations,1847.6
APH,014282,2023-12-31,End customers and contract manufacturers,3933.2
APH,014282,2023-12-31,Distributors and resellers,979.6
APH,014282,2023-12-31,China,1669.4
APH,014282,2024-12-31,Distributors and resellers,1244.8
APH,014282,2024-12-31,Industrial,3653.448
APH,014282,2024-12-31,Mobile Networks,456.681
APH,014282,2024-12-31,Mobile Devices,1370.043
APH,014282,2024-12-31,Defense,1674.497
APH,014282,2024-12-31,Broadband Communications,456.681
APH,014282,2024-12-31,Distributors,2740.086
APH,014282,2024-12-31,Automotive,3044.54
APH,014282,2024-12-31,Information Technology & Data Communications,3653.448
APH,014282,2024-12-31,Other foreign locations,2729.9
APH,014282,2024-12-31,China,2011.6
APH,014282,2024-12-31,United States,1582.3
APH,014282,2024-12-31,Other foreign locations,1630.4
APH,014282,2024-12-31,China,402.3
APH,014282,2024-12-31,United States,2384.7
APH,014282,2024-12-31,Distributors and resellers,1362.9
APH,014282,2024-12-31,End customers and contract manufacturers,4960.9
APH,014282,2024-12-31,Commercial Aerospace,913.362
APH,014282,2024-12-31,End customers and contract manufacturers,3172.6
APH,014282,2024-12-31,Distributors and resellers,170.5
APH,014282,2024-12-31,End customers and contract manufacturers,4311.0
APH,014282,2024-12-31,Other foreign locations,2190.2
APH,014282,2024-12-31,China,986.0
APH,014282,2024-12-31,United States,1305.3
APH,014282,2025-12-31,End customers and contract manufacturers,4965.8
APH,014282,2025-12-31,Distributors and resellers,1595.8
APH,014282,2025-12-31,End customers and contract manufacturers,4285.9
APH,014282,2025-12-31,Distributors and resellers,191.2
APH,014282,2025-12-31,Other foreign locations,2636.5
APH,014282,2025-12-31,China,959.4
APH,014282,2025-12-31,United States,1561.1
APH,014282,2025-12-31,Commercial Aerospace,1154.735
APH,014282,2025-12-31,Industrial,4387.993
APH,014282,2025-12-31,Mobile Devices,1385.682
APH,014282,2025-12-31,Defense,2078.523
APH,014282,2025-12-31,Distributors,4387.993
APH,014282,2025-12-31,Automotive,3464.205
APH,014282,2025-12-31,Information Technology & Data Communications,8314.092
APH,014282,2025-12-31,Communications Networks,2309.47
APH,014282,2025-12-31,China,2205.2
APH,014282,2025-12-31,United States,3215.6
APH,014282,2025-12-31,Other foreign locations,2162.2
APH,014282,2025-12-31,China,508.5
APH,014282,2025-12-31,United States,3211.0
APH,014282,2025-12-31,Other foreign locations,6635.2
APH,014282,2025-12-31,Distributors and resellers,2510.2
APH,014282,2025-12-31,End customers and contract manufacturers,9545.8
AVGO,180711,2019-10-31,"Europe, the Middle East and Africa",2217.0
AVGO,180711,2019-10-31,Asia Pacific,15231.0
AVGO,180711,2019-10-31,Americas,5149.0
AVGO,180711,2019-10-31,Not Reported,
AVGO,180711,2019-10-31,4 Customers,2259.7
AVGO,180711,2019-10-31,WT Microelectronics Co Ltd,3841.49
AVGO,180711,2019-10-31,Apple Inc,4519.4
AVGO,180711,2019-10-31,Distributors,10394.62
AVGO,180711,2020-10-31,Americas,5834.0
AVGO,180711,2020-10-31,Apple Inc,3583.2
AVGO,180711,2020-10-31,"Europe, the Middle East and Africa",2731.0
AVGO,180711,2020-10-31,WT Microelectronics Co Ltd,3105.44
AVGO,180711,2020-10-31,Distributors,10032.96
AVGO,180711,2020-10-31,4 Customers,3583.2
AVGO,180711,2020-10-31,Asia Pacific,15323.0
AVGO,180711,2021-10-31,4 Customers,4117.5
AVGO,180711,2021-10-31,Asia Pacific,17978.0
AVGO,180711,2021-10-31,WT Microelectronics Co Ltd,4941.0
AVGO,180711,2021-10-31,"Europe, the Middle East and Africa",3373.0
AVGO,180711,2021-10-31,Distributors,14548.5
AVGO,180711,2021-10-31,Apple Inc,5490.0
AVGO,180711,2021-10-31,Americas,6099.0
AVGO,180711,2022-10-31,4 Customers,4980.45
AVGO,180711,2022-10-31,Not Reported,
AVGO,180711,2022-10-31,WT Microelectronics Co Ltd,6640.6
AVGO,180711,2022-10-31,"Europe, the Middle East and Africa",3754.0
AVGO,180711,2022-10-31,Asia Pacific,22505.0
AVGO,180711,2022-10-31,Americas,6944.0
AVGO,180711,2022-10-31,Apple Inc,6640.6
AVGO,180711,2022-10-31,Distributors,18593.68
AVGO,180711,2022-10-31,Not Reported,
AVGO,180711,2023-10-31,"Europe, the Middle East and Africa",3620.0
AVGO,180711,2023-10-31,Not Reported,
AVGO,180711,2023-10-31,4 Customers,5372.85
AVGO,180711,2023-10-31,Asia Pacific,23920.0
AVGO,180711,2023-10-31,WT Microelectronics Co Ltd,7521.99
AVGO,180711,2023-10-31,Americas,8279.0
AVGO,180711,2023-10-31,Distributors,20416.83
AVGO,180711,2023-10-31,Apple Inc,7163.8
AVGO,180711,2024-10-31,WT Microelectronics Co Ltd,14440.72
AVGO,180711,2024-10-31,Asia Pacific,28422.0
AVGO,180711,2024-10-31,Distributors,24755.52
AVGO,180711,2024-10-31,Americas,14970.0
AVGO,180711,2024-10-31,Not Reported,
AVGO,180711,2024-10-31,5 Customers,20629.6
AVGO,180711,2024-10-31,"Europe, the Middle East and Africa",8182.0
AVGO,180711,2025-10-31,"Europe, the Middle East and Africa",9052.0
AVGO,180711,2025-10-31,Americas,18939.0
AVGO,180711,2025-10-31,Distributors,30665.76
AVGO,180711,2025-10-31,Asia Pacific,35896.0
AVGO,180711,2025-10-31,WT Microelectronics Co Ltd,20443.84
AVGO,180711,2025-10-31,5 Customers,25554.8
AVGO,180711,2025-10-31,Not Reported,
CRUS,016401,2020-03-31,Hongfujin Precision Electronics Chengdu Co Ltd,
CRUS,016401,2020-03-31,Apple INC,1012.088
CRUS,016401,2020-03-31,Pegatron Corp,
CRUS,016401,2020-03-31,9 Customers,179.357
CRUS,016401,2020-03-31,Outside United States,1264.025
CRUS,016401,2021-03-31,Rest of World,323.344
CRUS,016401,2021-03-31,9 Customers,136.923
CRUS,016401,2021-03-31,Apple INC,1136.461
CRUS,016401,2021-03-31,Henan Fuchi Technologies Co.Ltd,
CRUS,016401,2022-03-31,9 Customers,249.404
CRUS,016401,2022-03-31,Henan Fuchi Technologies Co.Ltd,
CRUS,016401,2022-03-31,Pegatron Corp,
CRUS,016401,2022-03-31,Apple INC,1407.353
CRUS,016401,2022-03-31,Rest of World,554.135
CRUS,016401,2023-03-31,Luxshare Precision Industry Co Ltd,
CRUS,016401,2023-03-31,Foxconn Technology Co Ltd,
CRUS,016401,2023-03-31,9 Customers,170.786
CRUS,016401,2023-03-31,Apple INC,1575.022
CRUS,016401,2023-03-31,Rest of World,614.327
CRUS,016401,2023-03-31,Pegatron Corp,
CRUS,016401,2024-03-31,Rest of World,656.609
CRUS,016401,2024-03-31,Apple INC,1556.334
CRUS,016401,2024-03-31,9 Customers,143.111
CRUS,016401,2024-03-31,Foxconn Technology Co Ltd,
CRUS,016401,2024-03-31,Pegatron Corp,
CRUS,016401,2024-03-31,Luxshare Precision Industry Co Ltd,
CRUS,016401,2025-03-31,Luxsan,
CRUS,016401,2025-03-31,Apple INC,1687.509
CRUS,016401,2025-03-31,9 Customers,132.725
CRUS,016401,2025-03-31,Foxconn Technology Co Ltd,
CRUS,016401,2025-03-31,Rest of World,753.872
CRUS,016401,2026-03-31,Luxshare Precision Industry Co Ltd,
CRUS,016401,2026-03-31,Apple INC,1817.615
CRUS,016401,2026-03-31,9 Customers,99.869
CRUS,016401,2026-03-31,Foxconn Technology Co Ltd,
CRUS,016401,2026-03-31,Rest of World,915.635
GLW,003532,2019-12-31,3 Customers,1109.26
GLW,003532,2019-12-31,2 Customers,416.15
GLW,003532,2019-12-31,3 Customers,940.46
GLW,003532,2019-12-31,International,7822.04
GLW,003532,2019-12-31,4 Customers,2342.88
GLW,003532,2019-12-31,2 Customers,853.44
GLW,003532,2020-12-31,3 Customers,1013.8
GLW,003532,2020-12-31,Not Reported,391.93
GLW,003532,2020-12-31,4 Customers,2347.28
GLW,003532,2020-12-31,International,7985.6
GLW,003532,2020-12-31,3 Customers,1224.6
GLW,003532,2020-12-31,2 Customers,389.22
GLW,003532,2021-12-31,2 Customers,1174.23
GLW,003532,2021-12-31,2 Customers,863.44
GLW,003532,2021-12-31,3 Customers,2035.0
GLW,003532,2021-12-31,International,9575.76
GLW,003532,2021-12-31,2 Customers,493.6
GLW,003532,2021-12-31,3 Customers,1221.22
GLW,003532,2022-12-31,2 Customers,980.98
GLW,003532,2022-12-31,3 Customers,1172.16
GLW,003532,2022-12-31,2 Customers,454.36
GLW,003532,2022-12-31,International,9222.85
GLW,003532,2022-12-31,2 Customers,1305.98
GLW,003532,2022-12-31,2 Customers,1223.22
GLW,003532,2023-12-31,3 Customers,1117.6
GLW,003532,2023-12-31,3 Customers,1200.88
GLW,003532,2023-12-31,2 Customers,393.19
GLW,003532,2023-12-31,International,8433.96
GLW,003532,2023-12-31,2 Customers,842.52
GLW,003532,2023-12-31,2 Customers,820.6
GLW,003532,2024-12-31,4 Customers,1717.21
GLW,003532,2024-12-31,3 Customers,1182.15
GLW,003532,2024-12-31,2 Customers,411.18
GLW,003532,2024-12-31,International,8426.88
GLW,003532,2024-12-31,2 Customers,1257.39
GLW,003532,2024-12-31,2 Customers,867.74
GLW,003532,2025-12-31,3 Customers,1094.34
GLW,003532,2025-12-31,2 Customers,437.4
GLW,003532,2025-12-31,International,8908.53
GLW,003532,2025-12-31,2 Customers,1756.72
GLW,003532,2025-12-31,2 Customers,950.73
GLW,003532,2025-12-31,3 Customers,1721.62
JBL,028195,2019-08-31,Amazon.com Inc,
JBL,028195,2019-08-31,80 Customers,12135.514
JBL,028195,2019-08-31,International,22172.595
JBL,028195,2019-08-31,4 Customers,5056.464
JBL,028195,2019-08-31,Ingenico Group,
JBL,028195,2019-08-31,HEWLETT-PACKARD CO,
JBL,028195,2019-08-31,CISCO SYSTEMS INC,
JBL,028195,2019-08-31,APPLE INC,5562.11
JBL,028195,2019-08-31,LM Ericsson Telephone Company,
JBL,028195,2019-08-31,NetApp Inc,
JBL,028195,2019-08-31,GoPro Inc,
JBL,028195,2019-08-31,Nokia Corp,
JBL,028195,2019-08-31,Keysight Technologies Inc,
JBL,028195,2020-08-31,SolarEdge Technologies Inc,
JBL,028195,2020-08-31,CISCO SYSTEMS INC,
JBL,028195,2020-08-31,HEWLETT-PACKARD CO,
JBL,028195,2020-08-31,APPLE INC,5453.288
JBL,028195,2020-08-31,International,22522.078
JBL,028195,2020-08-31,Ingenico Group,
JBL,028195,2020-08-31,NetApp Inc,
JBL,028195,2020-08-31,LM Ericsson Telephone Company,
JBL,028195,2020-08-31,Amazon.com Inc,2999.308
JBL,028195,2020-08-31,Johnson & Johnson,
JBL,028195,2020-08-31,Tesla Inc,
JBL,028195,2020-08-31,3 customers,4362.63
JBL,028195,2020-08-31,68 customers,11724.568
JBL,028195,2021-08-31,77 Customers,12592.55
JBL,028195,2021-08-31,APPLE INC,6442.7
JBL,028195,2021-08-31,International,24482.26
JBL,028195,2021-08-31,Amazon.com Inc,
JBL,028195,2021-08-31,4 Customers,7321.25
JBL,028195,2022-08-31,74 Customers,15399.88
JBL,028195,2022-08-31,APPLE INC,6360.82
JBL,028195,2022-08-31,International,28088.042
JBL,028195,2022-08-31,Amazon.com Inc,3682.58
JBL,028195,2022-08-31,3 Customers,4686.92
JBL,028195,2023-08-31,4 Customers,8675.5
JBL,028195,2023-08-31,APPLE INC,5899.34
JBL,028195,2023-08-31,International,29774.316
JBL,028195,2023-08-31,79 Customers,16656.96
JBL,028195,2024-08-31,83 Customers,15596.82
JBL,028195,2024-08-31,APPLE INC,3177.13
JBL,028195,2024-08-31,International,23836.0
JBL,028195,2024-08-31,4 Customers,7220.75
JBL,028195,2025-08-31,4 Customers,5960.4
JBL,028195,2025-08-31,APPLE INC,
JBL,028195,2025-08-31,International,22358.0
JBL,028195,2025-08-31,82 Customers,16093.08
JBL,028195,2025-08-31,Not Reported,4768.32
LRCX,006565,2019-06-30,Not Reported,
LRCX,006565,2019-06-30,Not Reported,
LRCX,006565,2019-06-30,Not Reported,1351.498
LRCX,006565,2019-06-30,Not Reported,1351.498
LRCX,006565,2019-06-30,Not Reported,1351.498
LRCX,006565,2019-06-30,Not Reported,1448.034
LRCX,006565,2019-06-30,Logic/integrated device manufacturing,965.356
LRCX,006565,2019-06-30,Foundry,1930.712
LRCX,006565,2019-06-30,Memory,6757.491
LRCX,006565,2019-06-30,Micron Technology Inc.,
LRCX,006565,2019-06-30,International,8881.274
LRCX,006565,2019-06-30,SK Hynix Inc,
LRCX,006565,2019-06-30,Toshiba Corp,
LRCX,006565,2019-06-30,Samsung Electronics Co Ltd,
LRCX,006565,2019-06-30,Not Reported,
LRCX,006565,2019-06-30,Not Reported,
LRCX,006565,2020-06-30,International,9241.157
LRCX,006565,2020-06-30,Taiwan Semiconductor Manufacturing Co Ltd,
LRCX,006565,2020-06-30,SK Hynix Inc,
LRCX,006565,2020-06-30,Samsung Electronics Co Ltd,
LRCX,006565,2020-06-30,Not Reported,1004.474
LRCX,006565,2020-06-30,Memory,5825.947
LRCX,006565,2020-06-30,Foundry,3113.868
LRCX,006565,2020-06-30,Logic/integrated device manufacturing,1104.921
LRCX,006565,2020-06-30,Not Reported,
LRCX,006565,2020-06-30,Not Reported,
LRCX,006565,2020-06-30,Not Reported,2410.737
LRCX,006565,2020-06-30,Not Reported,1406.263
LRCX,006565,2020-06-30,Not Reported,1004.474
LRCX,006565,2020-06-30,Micron Technology Inc.,
LRCX,006565,2021-06-30,Foundry,4680.368
LRCX,006565,2021-06-30,Kioxia Corporation,
LRCX,006565,2021-06-30,Logic/integrated device manufacturing,1023.831
LRCX,006565,2021-06-30,"Yangtze Memory Technologies Co., Ltd.",
LRCX,006565,2021-06-30,Not Reported,3656.538
LRCX,006565,2021-06-30,Not Reported,
LRCX,006565,2021-06-30,Not Reported,1755.138
LRCX,006565,2021-06-30,Not Reported,1462.615
LRCX,006565,2021-06-30,Not Reported,
LRCX,006565,2021-06-30,Samsung Electronics Co Ltd,
LRCX,006565,2021-06-30,SK Hynix Inc,
LRCX,006565,2021-06-30,Taiwan Semiconductor Manufacturing Co Ltd,
LRCX,006565,2021-06-30,International,13748.581
LRCX,006565,2021-06-30,Micron Technology Inc.,
LRCX,006565,2021-06-30,Intel Corp,
LRCX,006565,2021-06-30,Memory,8921.952
LRCX,006565,2022-06-30,Not Reported,1894.974
LRCX,006565,2022-06-30,Samsung Electronics Co Ltd,
LRCX,006565,2022-06-30,SK Hynix Inc,
LRCX,006565,2022-06-30,Taiwan Semiconductor Manufacturing Co Ltd,
LRCX,006565,2022-06-30,International,15848.876
LRCX,006565,2022-06-30,Micron Technology Inc.,
LRCX,006565,2022-06-30,Intel Corp,
LRCX,006565,2022-06-30,Memory,10336.223
LRCX,006565,2022-06-30,Foundry,4479.03
LRCX,006565,2022-06-30,Logic/integrated device manufacturing,2411.785
LRCX,006565,2022-06-30,Kioxia Corporation,
LRCX,006565,2022-06-30,"Yangtze Memory Technologies Co., Ltd.",
LRCX,006565,2022-06-30,Not Reported,3617.678
LRCX,006565,2022-06-30,Not Reported,2067.245
LRCX,006565,2022-06-30,Not Reported,2067.245
LRCX,006565,2022-06-30,Not Reported,
LRCX,006565,2022-06-30,Not Reported,
LRCX,006565,2023-06-30,Logic/integrated device manufacturing,3485.703
LRCX,006565,2023-06-30,Foundry,6622.836
LRCX,006565,2023-06-30,Memory,7319.977
LRCX,006565,2023-06-30,Intel Corp,
LRCX,006565,2023-06-30,Micron Technology Inc.,
LRCX,006565,2023-06-30,International,15859.95
LRCX,006565,2023-06-30,Taiwan Semiconductor Manufacturing Co Ltd,
LRCX,006565,2023-06-30,Samsung Electronics Co Ltd,
LRCX,006565,2023-06-30,Not Reported,
LRCX,006565,2023-06-30,Not Reported,
LRCX,006565,2023-06-30,Not Reported,
LRCX,006565,2023-06-30,Not Reported,2788.563
LRCX,006565,2023-06-30,Not Reported,3834.274
LRCX,006565,2023-06-30,Kioxia Corporation,
LRCX,006565,2024-06-30,Not Reported,
LRCX,006565,2024-06-30,Not Reported,2533.916
LRCX,006565,2024-06-30,Logic/integrated device manufacturing,2682.969
LRCX,006565,2024-06-30,Foundry,5962.154
LRCX,006565,2024-06-30,Memory,6260.262
LRCX,006565,2024-06-30,Micron Technology Inc.,
LRCX,006565,2024-06-30,International,13862.009
LRCX,006565,2024-06-30,Taiwan Semiconductor Manufacturing Co Ltd,
LRCX,006565,2024-06-30,Samsung Electronics Co Ltd,
LRCX,006565,2024-06-30,SK Hynix Inc,
LRCX,006565,2024-06-30,Not Reported,
LRCX,006565,2024-06-30,Not Reported,
LRCX,006565,2025-06-30,Not Reported,2765.339
LRCX,006565,2025-06-30,Not Reported,3134.05
LRCX,006565,2025-06-30,Logic/integrated device manufacturing,2396.627
LRCX,006565,2025-06-30,Foundry,8296.016
LRCX,006565,2025-06-30,Not Reported,
LRCX,006565,2025-06-30,International,17145.1
LRCX,006565,2025-06-30,Taiwan Semiconductor Manufacturing Co Ltd,
LRCX,006565,2025-06-30,Samsung Electronics Co Ltd,
LRCX,006565,2025-06-30,Memory,7742.948
LRCX,006565,2025-06-30,Not Reported,
LRCX,006565,2025-06-30,Not Reported,
MCHP,027965,2020-03-31,9 Customers,105.484
MCHP,027965,2020-03-31,Other Foreign,2215.164
MCHP,027965,2020-03-31,China,1107.582
MCHP,027965,2020-03-31,Taiwan,791.13
MCHP,027965,2020-03-31,Distributors,2626.9
MCHP,027965,2020-03-31,Direct customers,2550.4
MCHP,027965,2020-03-31,Arrow Electronics Inc,527.42
MCHP,027965,2020-03-31,Licensees,96.9
MCHP,027965,2021-03-31,Arrow Electronics Inc,543.84
MCHP,027965,2021-03-31,9 Customers,54.384
MCHP,027965,2021-03-31,Licensees,102.9
MCHP,027965,2021-03-31,Other Foreign,2120.976
MCHP,027965,2021-03-31,China,1196.448
MCHP,027965,2021-03-31,Taiwan,870.144
MCHP,027965,2021-03-31,Distributors,2737.4
MCHP,027965,2021-03-31,Direct customers,2598.1
MCHP,027965,2022-03-31,Licensees,122.0
MCHP,027965,2022-03-31,10 Customers,818.508
MCHP,027965,2022-03-31,Taiwan,1023.135
MCHP,027965,2022-03-31,Distributors,3248.7
MCHP,027965,2022-03-31,Direct customers,3450.2
MCHP,027965,2022-03-31,China,1500.598
MCHP,027965,2022-03-31,Other Foreign,2796.569
MCHP,027965,2023-03-31,Licensees,161.0
MCHP,027965,2023-03-31,10 Customers,1012.644
MCHP,027965,2023-03-31,Other Foreign,3628.641
MCHP,027965,2023-03-31,China,1772.127
MCHP,027965,2023-03-31,Taiwan,1181.418
MCHP,027965,2023-03-31,Distributors,3993.6
MCHP,027965,2023-03-31,Direct customers,4284.1
MCHP,027965,2023-03-31,Arrow Electronics Inc,928.257
MCHP,027965,2024-03-31,Taiwan,916.128
MCHP,027965,2024-03-31,China,1374.192
MCHP,027965,2024-03-31,10 Customers,916.128
MCHP,027965,2024-03-31,Germany,763.44
MCHP,027965,2024-03-31,Licensees,103.3
MCHP,027965,2024-03-31,Other Foreign,2672.04
MCHP,027965,2024-03-31,Direct customers,3910.3
MCHP,027965,2024-03-31,Arrow Electronics Inc,916.128
MCHP,027965,2024-03-31,Distributors,3620.8
MCHP,027965,2025-03-31,Distributors,1970.0
MCHP,027965,2025-03-31,Arrow Electronics Inc,438.83
MCHP,027965,2025-03-31,Licensees,131.1
MCHP,027965,2025-03-31,10 Customers,526.596
MCHP,027965,2025-03-31,Other Foreign,1843.086
MCHP,027965,2025-03-31,China,746.011
MCHP,027965,2025-03-31,Taiwan,702.128
MCHP,027965,2025-03-31,Direct customers,2300.5
MCHP,027965,2026-03-31,Distributors,2209.6
MCHP,027965,2026-03-31,Other Foreign,1979.502
MCHP,027965,2026-03-31,China,848.358
MCHP,027965,2026-03-31,Taiwan,706.965
MCHP,027965,2026-03-31,Direct customers,2339.7
MCHP,027965,2026-03-31,Arrow Electronics Inc,565.572
MCHP,027965,2026-03-31,Licensees,163.8
MCHP,027965,2026-03-31,10 Customers,518.441
ON,134932,2019-12-31,Computing,606.969
ON,134932,2019-12-31,Consumer Electronics,606.969
ON,134932,2019-12-31,Automotive Electronics,1820.907
ON,134932,2019-12-31,Industrial Electronics,1434.654
ON,134932,2019-12-31,Communications,1048.401
ON,134932,2019-12-31,5 Customers,363.504
ON,134932,2019-12-31,5 Customers,1143.203
ON,134932,2019-12-31,5 Customers,690.305
ON,134932,2019-12-31,10 Customers,1489.833
ON,134932,2019-12-31,Singapore,168.7
ON,134932,2019-12-31,Hong Kong,137.0
ON,134932,2019-12-31,United Kingdom,151.0
ON,134932,2019-12-31,United States,121.4
ON,134932,2019-12-31,Other,179.2
ON,134932,2019-12-31,Singapore,864.7
ON,134932,2019-12-31,Hong Kong,843.5
ON,134932,2019-12-31,United Kingdom,467.1
ON,134932,2019-12-31,United States,356.3
ON,134932,2019-12-31,Other,256.7
ON,134932,2019-12-31,Singapore,679.7
ON,134932,2019-12-31,Hong Kong,436.8
ON,134932,2019-12-31,United Kingdom,303.5
ON,134932,2019-12-31,United States,332.6
ON,134932,2019-12-31,Other,219.7
ON,134932,2019-12-31,Distributors,461.0
ON,134932,2019-12-31,OEM/ODM,258.8
ON,134932,2019-12-31,Electronic Manufacturing Service Providers,37.5
ON,134932,2019-12-31,Distributors,1740.6
ON,134932,2019-12-31,OEM/ODM,857.5
ON,134932,2019-12-31,Electronic Manufacturing Service Providers,190.2
ON,134932,2019-12-31,Distributors,971.5
ON,134932,2019-12-31,OEM/ODM,860.3
ON,134932,2019-12-31,Electronic Manufacturing Service Providers,140.5
ON,134932,2020-12-31,Other,226.4
ON,134932,2020-12-31,Computing,630.6
ON,134932,2020-12-31,Consumer Electronics,578.05
ON,134932,2020-12-31,Automotive Electronics,1681.6
ON,134932,2020-12-31,Industrial Electronics,1313.75
ON,134932,2020-12-31,Communications,1051.0
ON,134932,2020-12-31,5 Customers,317.555
ON,134932,2020-12-31,5 Customers,1198.806
ON,134932,2020-12-31,5 Customers,687.744
ON,134932,2020-12-31,Singapore,126.5
ON,134932,2020-12-31,Hong Kong,177.8
ON,134932,2020-12-31,United Kingdom,145.7
ON,134932,2020-12-31,United States,163.8
ON,134932,2020-12-31,Other,124.7
ON,134932,2020-12-31,Singapore,978.0
ON,134932,2020-12-31,Hong Kong,723.2
ON,134932,2020-12-31,United Kingdom,395.7
ON,134932,2020-12-31,United States,282.8
ON,134932,2020-12-31,Singapore,695.0
ON,134932,2020-12-31,Hong Kong,410.6
ON,134932,2020-12-31,United Kingdom,264.5
ON,134932,2020-12-31,United States,282.0
ON,134932,2020-12-31,Other,258.3
ON,134932,2020-12-31,Distributors,406.8
ON,134932,2020-12-31,OEM/ODM,297.5
ON,134932,2020-12-31,Electronic Manufacturing Service Providers,34.2
ON,134932,2020-12-31,Distributors,1776.4
ON,134932,2020-12-31,OEM/ODM,673.6
ON,134932,2020-12-31,Electronic Manufacturing Service Providers,156.1
ON,134932,2020-12-31,Distributors,986.4
ON,134932,2020-12-31,OEM/ODM,794.6
ON,134932,2020-12-31,Electronic Manufacturing Service Providers,129.4
ON,134932,2020-12-31,Not Reported,578.05
ON,134932,2021-12-31,United States,304.7
ON,134932,2021-12-31,United Kingdom,343.7
ON,134932,2021-12-31,Hong Kong,572.4
ON,134932,2021-12-31,Singapore,860.4
ON,134932,2021-12-31,Hong Kong,1055.6
ON,134932,2021-12-31,Singapore,1097.7
ON,134932,2021-12-31,Other,192.1
ON,134932,2021-12-31,United States,194.9
ON,134932,2021-12-31,United Kingdom,173.5
ON,134932,2021-12-31,Hong Kong,200.6
ON,134932,2021-12-31,Singapore,139.7
ON,134932,2021-12-31,Industrial Electronics,1819.746
ON,134932,2021-12-31,Automotive Electronics,2291.532
ON,134932,2021-12-31,Direct Customers,996.1
ON,134932,2021-12-31,Other,247.4
ON,134932,2021-12-31,United States,432.0
ON,134932,2021-12-31,United Kingdom,606.4
ON,134932,2021-12-31,Other,2628.522
ON,134932,2021-12-31,Direct Customers,1064.4
ON,134932,2021-12-31,Direct Customers,347.3
ON,134932,2021-12-31,Not Reported,876.174
ON,134932,2021-12-31,Distributors,1335.5
ON,134932,2021-12-31,Distributors,2443.1
ON,134932,2021-12-31,Distributors,553.5
ON,134932,2021-12-31,Other,318.7
ON,134932,2022-12-31,Direct Customers,1505.6
ON,134932,2022-12-31,Singapore,200.0
ON,134932,2022-12-31,Industrial Electronics,2289.705
ON,134932,2022-12-31,Automotive Electronics,3363.785
ON,134932,2022-12-31,Other,2672.71
ON,134932,2022-12-31,Direct Customers,1428.0
ON,134932,2022-12-31,Direct Customers,585.3
ON,134932,2022-12-31,Not Reported,999.144
ON,134932,2022-12-31,Distributors,1413.3
ON,134932,2022-12-31,Distributors,2702.6
ON,134932,2022-12-31,Distributors,691.4
ON,134932,2022-12-31,Other,403.5
ON,134932,2022-12-31,United States,421.3
ON,134932,2022-12-31,United Kingdom,454.8
ON,134932,2022-12-31,Hong Kong,742.7
ON,134932,2022-12-31,Singapore,819.0
ON,134932,2022-12-31,Other,308.4
ON,134932,2022-12-31,United States,708.0
ON,134932,2022-12-31,United Kingdom,762.0
ON,134932,2022-12-31,Hong Kong,1314.9
ON,134932,2022-12-31,Singapore,1114.9
ON,134932,2022-12-31,Other,207.6
ON,134932,2022-12-31,United States,335.4
ON,134932,2022-12-31,United Kingdom,275.5
ON,134932,2022-12-31,Hong Kong,258.2
ON,134932,2023-12-31,United States,712.4
ON,134932,2023-12-31,United Kingdom,904.0
ON,134932,2023-12-31,Hong Kong,1334.8
ON,134932,2023-12-31,Singapore,1202.3
ON,134932,2023-12-31,Other,196.3
ON,134932,2023-12-31,United States,327.3
ON,134932,2023-12-31,Other,1654.7
ON,134932,2023-12-31,Direct Customers,1398.7
ON,134932,2023-12-31,Direct Customers,1806.0
ON,134932,2023-12-31,Direct Customers,739.2
ON,134932,2023-12-31,Automotive,4319.9
ON,134932,2023-12-31,Industrial,2278.4
ON,134932,2023-12-31,Singapore,203.3
ON,134932,2023-12-31,Hong Kong,252.7
ON,134932,2023-12-31,United Kingdom,335.9
ON,134932,2023-12-31,Distributors,1089.8
ON,134932,2023-12-31,Distributors,2643.0
ON,134932,2023-12-31,Distributors,576.3
ON,134932,2023-12-31,United States,534.0
ON,134932,2023-12-31,Other,326.7
ON,134932,2023-12-31,United Kingdom,513.5
ON,134932,2023-12-31,Hong Kong,581.1
ON,134932,2023-12-31,Singapore,533.2
ON,134932,2023-12-31,Other,295.5
ON,134932,2024-12-31,Direct Customers,1296.7
ON,134932,2024-12-31,Singapore,617.1
ON,134932,2024-12-31,Hong Kong,661.6
ON,134932,2024-12-31,United Kingdom,502.5
ON,134932,2024-12-31,United States,596.7
ON,134932,2024-12-31,Other,231.2
ON,134932,2024-12-31,Not Reported,708.23
ON,134932,2024-12-31,Not Reported,
ON,134932,2024-12-31,Other,1380.7
ON,134932,2024-12-31,Direct Customers,1270.4
ON,134932,2024-12-31,Other,242.9
ON,134932,2024-12-31,Direct Customers,755.6
ON,134932,2024-12-31,Distributors,1338.7
ON,134932,2024-12-31,Distributors,2051.5
ON,134932,2024-12-31,Distributors,369.4
ON,134932,2024-12-31,United Kingdom,422.5
ON,134932,2024-12-31,Automotive,3900.8
ON,134932,2024-12-31,Industrial,1800.8
ON,134932,2024-12-31,Singapore,125.1
ON,134932,2024-12-31,Hong Kong,241.6
ON,134932,2024-12-31,United States,185.4
ON,134932,2024-12-31,Other,150.4
ON,134932,2024-12-31,Singapore,991.0
ON,134932,2024-12-31,Hong Kong,876.1
ON,134932,2024-12-31,United Kingdom,712.8
ON,134932,2024-12-31,United States,525.4
ON,134932,2025-12-31,United Kingdom,438.2
ON,134932,2025-12-31,Other,215.2
ON,134932,2025-12-31,United States,507.5
ON,134932,2025-12-31,Direct Customers,1154.4
ON,134932,2025-12-31,Direct Customers,502.9
ON,134932,2025-12-31,Distributors,1191.2
ON,134932,2025-12-31,Other,148.4
ON,134932,2025-12-31,Singapore,476.9
ON,134932,2025-12-31,United States,576.4
ON,134932,2025-12-31,Industrial,1674.8
ON,134932,2025-12-31,Automotive,3080.8
ON,134932,2025-12-31,Not Reported,659.494
ON,134932,2025-12-31,Not Reported,
ON,134932,2025-12-31,Other,1239.8
ON,134932,2025-12-31,Direct Customers,1070.7
ON,134932,2025-12-31,United Kingdom,596.5
ON,134932,2025-12-31,Hong Kong,796.5
ON,134932,2025-12-31,Singapore,689.4
ON,134932,2025-12-31,Other,167.0
ON,134932,2025-12-31,United States,146.7
ON,134932,2025-12-31,United Kingdom,312.3
ON,134932,2025-12-31,Hong Kong,216.3
ON,134932,2025-12-31,Singapore,86.1
ON,134932,2025-12-31,Hong Kong,622.0
ON,134932,2025-12-31,Distributors,1650.7
ON,134932,2025-12-31,Distributors,425.5
QCOM,024800,2019-09-30,Not Reported,3640.95
QCOM,024800,2019-09-30,Not Reported,5825.52
QCOM,024800,2019-09-30,Apple Inc,
QCOM,024800,2019-09-30,Xiaomi Corporation,
QCOM,024800,2019-09-30,"Vivo Communication Technology Co., Ltd.,",
QCOM,024800,2019-09-30,GuangDong OPPO Mobile Telecommunications Corp,
QCOM,024800,2019-09-30,SAMSUNG ELECTRONICS CO  -ADR,
QCOM,024800,2019-09-30,Not Reported,2427.3
QCOM,024800,2020-09-30,Not Reported,2173.1
QCOM,024800,2020-09-30,"Huawei Investment & Holding Co., Ltd",
QCOM,024800,2020-09-30,"BBK Communication Technology Co., Ltd",
QCOM,024800,2020-09-30,SAMSUNG ELECTRONICS CO  -ADR,
QCOM,024800,2020-09-30,GuangDong OPPO Mobile Telecommunications Corp. Ltd,
QCOM,024800,2020-09-30,Xiaomi Corporation,
QCOM,024800,2020-09-30,Apple Inc,
QCOM,024800,2020-09-30,Not Reported,4128.89
QCOM,024800,2020-09-30,Not Reported,2607.72
QCOM,024800,2020-09-30,Not Reported,2173.1
QCOM,024800,2021-09-30,Apple Inc,
QCOM,024800,2021-09-30,SAMSUNG ELECTRONICS CO  -ADR,
QCOM,024800,2021-09-30,Xiaomi Corporation,
QCOM,024800,2021-09-30,Not Reported,7720.18
QCOM,024800,2021-09-30,Not Reported,4699.24
QCOM,024800,2021-09-30,Not Reported,4363.58
QCOM,024800,2022-09-30,SAMSUNG ELECTRONICS CO  -ADR,
QCOM,024800,2022-09-30,Not Reported,9282.0
QCOM,024800,2022-09-30,Not Reported,9282.0
QCOM,024800,2022-09-30,Apple Inc,
QCOM,024800,2023-09-30,Not Reported,9671.4
QCOM,024800,2023-09-30,Apple Inc,
QCOM,024800,2023-09-30,SAMSUNG ELECTRONICS CO  -ADR,
QCOM,024800,2023-09-30,Not Reported,7522.2
QCOM,024800,2024-09-30,Not Reported,7402.78
QCOM,024800,2024-09-30,Not Reported,8571.64
QCOM,024800,2024-09-30,Apple Inc,
QCOM,024800,2024-09-30,Xiaomi Corporation,
QCOM,024800,2024-09-30,SAMSUNG ELECTRONICS CO  -ADR,
QCOM,024800,2024-09-30,Not Reported,4675.44
QCOM,024800,2025-09-30,Not Reported,9269.61
QCOM,024800,2025-09-30,Xiaomi Corporation,
QCOM,024800,2025-09-30,SAMSUNG ELECTRONICS CO  -ADR,
QCOM,024800,2025-09-30,Not Reported,5738.33
QCOM,024800,2025-09-30,Not Reported,8828.2
QCOM,024800,2025-09-30,Apple Inc,
QRVO,064853,2020-03-31,Asia,1616.4
QRVO,064853,2020-03-31,2 Customers,
QRVO,064853,2020-03-31,"Huawei Technologies Co., Ltd.,",323.914
QRVO,064853,2020-03-31,Apple Inc,1068.917
QRVO,064853,2020-03-31,Other International,154.4
QRVO,064853,2021-03-31,Apple Inc,1204.592
QRVO,064853,2021-03-31,Other International,193.0
QRVO,064853,2021-03-31,3 Customers,
QRVO,064853,2021-03-31,Asia,2191.2
QRVO,064853,2021-03-31,"Huawei Technologies Co., Ltd.,",200.765
QRVO,064853,2022-03-31,SAMSUNG ELECTRONICS CO  -ADR,511.029
QRVO,064853,2022-03-31,Other International,251.6
QRVO,064853,2022-03-31,3 Customers,
QRVO,064853,2022-03-31,Asia,2465.7
QRVO,064853,2022-03-31,Apple Inc,1533.086
QRVO,064853,2023-03-31,Asia (Excluding China),799.426
QRVO,064853,2023-03-31,Apple Inc,1320.678
QRVO,064853,2023-03-31,3 Customers,
QRVO,064853,2023-03-31,Other International,202.4
QRVO,064853,2023-03-31,SAMSUNG ELECTRONICS CO  -ADR,428.328
QRVO,064853,2023-03-31,China,749.574
QRVO,064853,2024-03-31,China,716.206
QRVO,064853,2024-03-31,Other International,88.3
QRVO,064853,2024-03-31,SAMSUNG ELECTRONICS CO  -ADR,452.341
QRVO,064853,2024-03-31,Apple Inc,1733.973
QRVO,064853,2024-03-31,3 Customers,
QRVO,064853,2024-03-31,Asia (Excluding China),789.094
QRVO,064853,2025-03-31,3 Customers,
QRVO,064853,2025-03-31,Other International,85.9
QRVO,064853,2025-03-31,SAMSUNG ELECTRONICS CO  -ADR,371.897
QRVO,064853,2025-03-31,Apple Inc,1747.916
QRVO,064853,2025-03-31,Asia,1405.9
QRVO,064853,2026-03-31,3 Customers,
QRVO,064853,2026-03-31,Other International,98.3
QRVO,064853,2026-03-31,SAMSUNG ELECTRONICS CO  -ADR,367.852
QRVO,064853,2026-03-31,Apple Inc,1839.259
QRVO,064853,2026-03-31,Asia,1264.5
SANM,028139,2019-09-30,Cloud Solutions,755.278
SANM,028139,2019-09-30,United States,1468.128
SANM,028139,2019-09-30,Nokia Corp,
SANM,028139,2019-09-30,10 Customers,4462.752
SANM,028139,2019-09-30,Communications Networks,2906.575
SANM,028139,2019-09-30,"Industrial, Medical, Defense and Automotive",4572.006
SANM,028139,2019-09-30,Mexico,2516.791
SANM,028139,2020-09-30,"Industrial, Medical, Defense and Automotive",4127.72
SANM,028139,2020-09-30,United States,1207.684
SANM,028139,2020-09-30,Mexico,2070.316
SANM,028139,2020-09-30,Cloud Solutions,508.938
SANM,028139,2020-09-30,Communications Networks,2323.712
SANM,028139,2020-09-30,10 Customers,3863.005
SANM,028139,2020-09-30,Nokia Corp,
SANM,028139,2021-09-30,10 Customers,3560.751
SANM,028139,2021-09-30,United States,1113.997
SANM,028139,2021-09-30,Communications Networks and Cloud Infrastructure,2866.602
SANM,028139,2021-09-30,Mexico,1909.709
SANM,028139,2021-09-30,"Industrial, Medical, Defense and Automotive",3890.041
SANM,028139,2021-09-30,Nokia Corp,
SANM,028139,2022-09-30,Motorola,
SANM,028139,2022-09-30,Nokia Corp,
SANM,028139,2022-09-30,10 Customers,3945.238
SANM,028139,2022-09-30,"Industrial, Medical, Defense and Automotive",4714.941
SANM,028139,2022-09-30,Mexico,2231.698
SANM,028139,2022-09-30,United States,1301.824
SANM,028139,2022-09-30,Communications Networks and Cloud Infrastructure,3175.534
SANM,028139,2023-09-30,Nokia Corp,
SANM,028139,2023-09-30,10 Customers,4288.823
SANM,028139,2023-09-30,"Industrial, Medical, Defense and Automotive",5388.877
SANM,028139,2023-09-30,Mexico,2877.349
SANM,028139,2023-09-30,United States,1328.007
SANM,028139,2023-09-30,Communications Networks and Cloud Infrastructure,3546.171
SANM,028139,2023-09-30,Motorola Solutions Inc,
SANM,028139,2024-09-30,Motorola Solutions Inc,601.133
SANM,028139,2024-09-30,Nokia Corp,
SANM,028139,2024-09-30,"Industrial, Medical, Defense and Automotive",4915.88
SANM,028139,2024-09-30,Mexico,2496.471
SANM,028139,2024-09-30,United States,1386.928
SANM,028139,2024-09-30,Communications Networks and Cloud Infrastructure,2652.448
SANM,028139,2024-09-30,9 Customers,2953.162
SANM,028139,2024-09-30,Motorola Solutions Inc,3.197
SANM,028139,2025-09-30,"Industrial, Medical, Defense and Aerospace, and Au",5022.934
SANM,028139,2025-09-30,Mexico,3116.126
SANM,028139,2025-09-30,United States,1395.28
SANM,028139,2025-09-30,Communications Networks and Cloud Infrastructure,3105.448
SANM,028139,2025-09-30,9 Customers,3405.792
SANM,028139,2025-09-30,Malaysia,626.653
SANM,028139,2025-09-30,Not Reported,820.967
SWKS,001327,2019-09-30,Apple Inc,1722.168
SWKS,001327,2019-09-30,3 Customers,
SWKS,001327,2020-09-30,Apple Inc,1879.192
SWKS,001327,2020-09-30,3 Customers,
SWKS,001327,2021-09-30,Apple Inc,3014.369
SWKS,001327,2021-09-30,3 Customers,
SWKS,001327,2021-09-30,Distributors,4539.7
SWKS,001327,2021-09-30,Direct customers,569.4
SWKS,001327,2022-09-30,Direct customers,997.4
SWKS,001327,2022-09-30,Distributors,4488.1
SWKS,001327,2022-09-30,3 Customers,
SWKS,001327,2022-09-30,Apple Inc,3181.59
SWKS,001327,2023-09-30,Apple Inc,3149.784
SWKS,001327,2023-09-30,Direct customers,536.7
SWKS,001327,2023-09-30,Distributors,4235.7
SWKS,001327,2023-09-30,3 Customers,
SWKS,001327,2024-09-30,Apple Inc,2882.82
SWKS,001327,2024-09-30,Direct customers,555.4
SWKS,001327,2024-09-30,Distributors,3622.6
SWKS,001327,2024-09-30,3 Customers,
SWKS,001327,2025-09-30,3 Customers,
SWKS,001327,2025-09-30,Apple Inc,2738.223
SWKS,001327,2025-09-30,Direct customers,561.3
SWKS,001327,2025-09-30,Distributors,3525.6
TXN,010499,2019-12-31,Distributors,9348.95
TXN,010499,2019-12-31,China,7200.0
TXN,010499,2020-12-31,Not Reported,1446.1
TXN,010499,2020-12-31,Distributors,7230.5
TXN,010499,2020-12-31,China,8000.0
TXN,010499,2021-12-31,Distributors,6114.67
TXN,010499,2021-12-31,Direct,12229.33
TXN,010499,2021-12-31,Not Reported,1650.96
TXN,010499,2021-12-31,China,10000.0
TXN,010499,2022-12-31,Not Reported,1602.24
TXN,010499,2022-12-31,Direct,14019.6
TXN,010499,2022-12-31,Distributors,6008.4
TXN,010499,2023-12-31,Direct,13139.25
TXN,010499,2023-12-31,Germany,2277.47
TXN,010499,2023-12-31,Distributors,4379.75
TXN,010499,2024-12-31,Not Reported,1876.92
TXN,010499,2024-12-31,Direct,12512.8
TXN,010499,2024-12-31,Distributors,3128.2
TXN,010499,2024-12-31,Germany,1720.51
TXN,010499,2025-12-31,Not Reported,2121.84
TXN,010499,2025-12-31,Germany,1768.2
